[
  {
    "id": "bedc0a92-dea0-4f05-9710-ca8da7d97492",
    "data": [
      {
        "text": "buy deserts",
        "userDefined": false
      }
    ],
    "isTemplate": false,
    "count": 0,
    "lang": "en",
    "updated": 0
  },
  {
    "id": "0075c617-6c7e-4654-86f3-ef71051478eb",
    "data": [
      {
        "text": "buy candies",
        "userDefined": false
      }
    ],
    "isTemplate": false,
    "count": 0,
    "lang": "en",
    "updated": 0
  },
  {
    "id": "bcc8c9b8-0765-47d1-93eb-f7e8c5f8f048",
    "data": [
      {
        "text": "buy chocolates",
        "userDefined": false
      }
    ],
    "isTemplate": false,
    "count": 0,
    "lang": "en",
    "updated": 0
  },
  {
    "id": "c1fab081-2ba6-493d-9181-5868ab60f5b0",
    "data": [
      {
        "text": "no",
        "userDefined": false
      }
    ],
    "isTemplate": false,
    "count": 0,
    "lang": "en",
    "updated": 0
  }
]