[
  {
    "id": "2bfd422a-5001-450c-ae18-c42fa47fd678",
    "data": [
      {
        "text": "jamun",
        "userDefined": false
      }
    ],
    "isTemplate": false,
    "count": 0,
    "lang": "en",
    "updated": 0
  },
  {
    "id": "1da01c3d-39b9-40c9-b088-9f45f83bb10e",
    "data": [
      {
        "text": "sandwich",
        "meta": "@sys.person",
        "alias": "person",
        "userDefined": false
      }
    ],
    "isTemplate": false,
    "count": 0,
    "lang": "en",
    "updated": 0
  },
  {
    "id": "f84562e2-1bac-458b-9ec8-c3c85e70af3d",
    "data": [
      {
        "text": "pizza",
        "userDefined": false
      }
    ],
    "isTemplate": false,
    "count": 0,
    "lang": "en",
    "updated": 0
  },
  {
    "id": "4ca82b76-a2b3-42eb-8e99-7a46f3873031",
    "data": [
      {
        "text": "dosasambhar",
        "userDefined": false
      }
    ],
    "isTemplate": false,
    "count": 0,
    "lang": "en",
    "updated": 0
  },
  {
    "id": "5c96e1e7-0b24-4f83-8fd0-fb4c39d086d7",
    "data": [
      {
        "text": "chowmien",
        "userDefined": false
      }
    ],
    "isTemplate": false,
    "count": 0,
    "lang": "en",
    "updated": 0
  },
  {
    "id": "60c5b761-0d3a-423c-8548-f50d8cefb90f",
    "data": [
      {
        "text": "cheese nachos",
        "userDefined": false
      }
    ],
    "isTemplate": false,
    "count": 0,
    "lang": "en",
    "updated": 0
  },
  {
    "id": "574d7965-027b-4bf9-8541-abfb6faad918",
    "data": [
      {
        "text": "ice cream",
        "userDefined": false
      }
    ],
    "isTemplate": false,
    "count": 0,
    "lang": "en",
    "updated": 0
  },
  {
    "id": "8ceea731-cb8d-47bf-b40b-cbcfc6945076",
    "data": [
      {
        "text": "golgappa",
        "userDefined": false
      }
    ],
    "isTemplate": false,
    "count": 0,
    "lang": "en",
    "updated": 0
  }
]