[
  {
    "id": "12bd6434-3b4e-406c-8ba3-ed8283745681",
    "data": [
      {
        "text": "deserts",
        "userDefined": false
      }
    ],
    "isTemplate": false,
    "count": 0,
    "lang": "en",
    "updated": 0
  },
  {
    "id": "98b02c27-8596-4db8-b3fb-c636f6b7560e",
    "data": [
      {
        "text": "starter",
        "userDefined": false
      }
    ],
    "isTemplate": false,
    "count": 0,
    "lang": "en",
    "updated": 0
  },
  {
    "id": "66a884b6-437c-45f7-ac0a-af30dac4a21d",
    "data": [
      {
        "text": "Main Course",
        "userDefined": false
      }
    ],
    "isTemplate": false,
    "count": 0,
    "lang": "en",
    "updated": 0
  }
]