[
  {
    "id": "5a5f6ea0-1548-4438-ae64-65de8b78f067",
    "data": [
      {
        "text": "yes",
        "userDefined": false
      }
    ],
    "isTemplate": false,
    "count": 0,
    "lang": "en",
    "updated": 0
  },
  {
    "id": "fce1a4c5-1983-45bf-93c8-4fa5a00091a1",
    "data": [
      {
        "text": "I want more dishes",
        "userDefined": false
      }
    ],
    "isTemplate": false,
    "count": 0,
    "lang": "en",
    "updated": 0
  },
  {
    "id": "058c4347-0613-4680-8242-bc75643d8be8",
    "data": [
      {
        "text": "I want to add something",
        "userDefined": false
      }
    ],
    "isTemplate": false,
    "count": 0,
    "lang": "en",
    "updated": 0
  }
]